{
  "meta" : {
    "createDate" : "Tue Jun 09 13:02:01 EDT 2015",
    "creator" : "gottsch",
    "plansClass" : "com.someguyssoftware.plans.ConnectorPlans",
    "version" : "3.0"
  },
  "height" : 6,
  "depth" : 6,
  "width" : 5,
  "preservePlansAir" : true,
  "preserveWorldWater" : false,
  "preserveWorldLava" : false,
  "preserveWorldPlants" : false,
  "verticalOffset" : 0,
  "postProcessBlocks" : [
    "torch",
    "lever",
    "stone_button",
    "wooden_button"
  ],
  "postProcess" : [
    50,
    69,
    77,
    143
  ],
  "rules" : {
    "0" : {
      "ruleId" : 0,
      "blockId" : 0,
      "blockName" : "air",
      "metaId" : 0,
      "probability" : 100,
      "useProbabilitySub" : false,
      "probabilityMeta" : 0,
      "substituteId" : -1,
      "substituteMeta" : 0,
      "inventoryId" : -1,
      "requiresSupport" : false,
      "useWorldBlockCondition" : false,
      "worldBlockMeta" : 0
    },
    "1" : {
      "ruleId" : 1,
      "blockId" : 7,
      "blockName" : "bedrock",
      "metaId" : 0,
      "probability" : 100,
      "useProbabilitySub" : false,
      "probabilityMeta" : 0,
      "substituteId" : -1000,
      "substituteName" : "null_block",
      "substituteMeta" : 0,
      "inventoryId" : -1,
      "requiresSupport" : false,
      "useWorldBlockCondition" : false,
      "worldBlockMeta" : 0
    },
    "2" : {
      "ruleId" : 2,
      "blockId" : 48,
      "blockName" : "mossy_cobblestone",
      "metaId" : 0,
      "probability" : 75,
      "useProbabilitySub" : true,
      "probabilitySubName" : "null_block",
      "probabilityMeta" : 0,
      "substituteId" : -1,
      "substituteMeta" : 0,
      "inventoryId" : -1,
      "requiresSupport" : true,
      "useWorldBlockCondition" : false,
      "worldBlockMeta" : 0
    },
    "3" : {
      "ruleId" : 3,
      "blockId" : 44,
      "blockName" : "stone_slab",
      "metaId" : 3,
      "probability" : 90,
      "useProbabilitySub" : false,
      "probabilityMeta" : 0,
      "substituteId" : -1,
      "substituteMeta" : 0,
      "inventoryId" : -1,
      "requiresSupport" : true,
      "useWorldBlockCondition" : false,
      "worldBlockMeta" : 0
    },
    "4" : {
      "ruleId" : 4,
      "blockId" : 65,
      "blockName" : "ladder",
      "metaId" : 2,
      "probability" : 100,
      "useProbabilitySub" : false,
      "probabilityMeta" : 0,
      "substituteId" : -1,
      "substituteMeta" : 0,
      "inventoryId" : -1,
      "requiresSupport" : true,
      "useWorldBlockCondition" : false,
      "worldBlockMeta" : 0
    },
    "5" : {
      "ruleId" : 5,
      "blockId" : 65,
      "blockName" : "ladder",
      "metaId" : 4,
      "probability" : 100,
      "useProbabilitySub" : false,
      "probabilityMeta" : 0,
      "substituteId" : -1,
      "substituteMeta" : 0,
      "inventoryId" : -1,
      "requiresSupport" : true,
      "useWorldBlockCondition" : false,
      "worldBlockMeta" : 0
    },
    "6" : {
      "ruleId" : 6,
      "blockId" : 67,
      "blockName" : "stone_stairs",
      "metaId" : 1,
      "probability" : 80,
      "useProbabilitySub" : false,
      "probabilityMeta" : 0,
      "substituteId" : -1,
      "substituteMeta" : 0,
      "inventoryId" : -1,
      "requiresSupport" : true,
      "useWorldBlockCondition" : false,
      "worldBlockMeta" : 0
    },
    "7" : {
      "ruleId" : 7,
      "blockId" : 44,
      "blockName" : "stone_slab",
      "metaId" : 11,
      "probability" : 80,
      "useProbabilitySub" : false,
      "probabilityMeta" : 0,
      "substituteId" : -1,
      "substituteMeta" : 0,
      "inventoryId" : -1,
      "requiresSupport" : true,
      "useWorldBlockCondition" : false,
      "worldBlockMeta" : 0
    },
    "8" : {
      "ruleId" : 8,
      "blockId" : 35,
      "blockName" : "wool",
      "metaId" : 4,
      "probability" : 100,
      "useProbabilitySub" : false,
      "probabilityMeta" : 0,
      "substituteId" : -1,
      "substituteName" : "sandstone",
      "substituteMeta" : 0,
      "inventoryId" : -1,
      "requiresSupport" : false,
      "useWorldBlockCondition" : true,
      "worldBlockName" : "sand",
      "worldBlockMeta" : 0
    }
  },
  "blockMap" : [
    [
      [
        1,
        1,
        2,
        1,
        1
      ],
      [
        1,
        1,
        2,
        2,
        1
      ],
      [
        1,
        2,
        2,
        1,
        1
      ],
      [
        1,
        3,
        0,
        3,
        1
      ],
      [
        1,
        3,
        4,
        3,
        1
      ],
      [
        1,
        1,
        1,
        1,
        1
      ]
    ],
    [
      [
        1,
        0,
        0,
        0,
        1
      ],
      [
        1,
        0,
        0,
        5,
        1
      ],
      [
        1,
        6,
        0,
        0,
        1
      ],
      [
        1,
        0,
        0,
        0,
        1
      ],
      [
        1,
        0,
        4,
        0,
        1
      ],
      [
        1,
        1,
        1,
        1,
        1
      ]
    ],
    [
      [
        1,
        1,
        0,
        1,
        1
      ],
      [
        1,
        0,
        0,
        5,
        1
      ],
      [
        0,
        0,
        0,
        0,
        1
      ],
      [
        1,
        0,
        0,
        0,
        1
      ],
      [
        1,
        0,
        4,
        7,
        1
      ],
      [
        1,
        1,
        1,
        1,
        1
      ]
    ],
    [
      [
        1,
        1,
        0,
        1,
        1
      ],
      [
        1,
        0,
        0,
        0,
        0
      ],
      [
        0,
        0,
        0,
        0,
        1
      ],
      [
        1,
        0,
        0,
        0,
        1
      ],
      [
        1,
        0,
        0,
        0,
        1
      ],
      [
        1,
        1,
        1,
        0,
        1
      ]
    ],
    [
      [
        1,
        1,
        1,
        1,
        1
      ],
      [
        1,
        0,
        0,
        0,
        0
      ],
      [
        1,
        0,
        0,
        0,
        1
      ],
      [
        1,
        0,
        0,
        0,
        1
      ],
      [
        1,
        0,
        0,
        0,
        1
      ],
      [
        1,
        1,
        1,
        0,
        1
      ]
    ],
    [
      [
        1,
        1,
        1,
        1,
        1
      ],
      [
        1,
        8,
        8,
        8,
        1
      ],
      [
        1,
        8,
        8,
        8,
        1
      ],
      [
        1,
        8,
        8,
        8,
        1
      ],
      [
        1,
        8,
        8,
        8,
        1
      ],
      [
        1,
        1,
        1,
        1,
        1
      ]
    ]
  ],
  "resources" : [
    {
      "id" : 67,
      "name" : "stone_stairs",
      "quantity" : 1
    },
    {
      "id" : 48,
      "name" : "mossy_cobblestone",
      "quantity" : 5
    },
    {
      "id" : 0,
      "name" : "air",
      "quantity" : 54
    },
    {
      "id" : 7,
      "name" : "bedrock",
      "quantity" : 98
    },
    {
      "id" : 44,
      "name" : "stone_slab",
      "quantity" : 5
    },
    {
      "id" : 35,
      "name" : "wool",
      "quantity" : 12
    },
    {
      "id" : 65,
      "name" : "ladder",
      "quantity" : 5
    }
  ],
  "northConnectorCoords" : {
    "x" : 2,
    "y" : 2,
    "z" : 0
  },
  "southConnectorCoords" : {
    "x" : 3,
    "y" : 4,
    "z" : 5
  },
  "westConnectorCoords" : {
    "x" : 0,
    "y" : 3,
    "z" : 2
  },
  "eastConnectorCoords" : {
    "x" : 4,
    "y" : 4,
    "z" : 1
  },
  "unique" : false
}